<?xml version="1.0" encoding="UTF-8"?>

<sample>

  <name>crosstabs</name>
  <title>Crosstabs Sample</title>
  <description>Crosstab and subdataset sample.</description>

  <mainFeature ref="crosstabs"/>
  <mainFeature ref="datasets"/>
  
  <!-- crosstabs -->
  
  <feature name="crosstabs" title="Crosstabs">
    <description>
How to use the built-in crosstab element to display aggregated data.
    </description>
    <since>1.1.0</since>
    <documentedBy>
      <author>
    	<name></name>
    	<email></email>
      </author>
    </documentedBy>
    <content>
[Under Construction]
    </content>
  </feature>

  <!-- datasets -->
  
  <feature name="datasets" title="Datasets">
    <description>
How to make use of subdatasets for chart elements and crosstab elements.
    </description>
    <since>1.1.0</since>
    <documentedBy>
      <author>
    	<name></name>
    	<email></email>
      </author>
    </documentedBy>
  	<otherSample ref="charts"/>
    <content>
[Under Construction]
    </content>
  </feature>

</sample>
