<?xml version="1.0" encoding="UTF-8"?>

<sample>

  <name>tableofcontents</name>
  <title>Table of Contents Sample</title>
  <description>Shows how table-of-contents structures could be created for the generated reports.</description>

  <mainFeature ref="tableofcontents"/>
  <mainFeature ref="fileresolver"/>
  
  <!-- tableofcontents -->
  
  <feature name="tableofcontents" title="Creating Table-Of-Contents Structures">
    <description>
How to create an table of contents type of index with hyperlinks at the beginning of a document.
    </description>
    <since>0.4.2</since>
    <documentedBy>
      <author>
    	<name></name>
    	<email></email>
      </author>
    </documentedBy>
    <content>
[Under Construction]
    </content>
  </feature>

  <!-- fileresolver -->
  
  <feature name="fileresolver" title="File Resolver">
    <description>
Shows how to use file resolver implementations in order to locate file resources referenced from within reports using relative paths.
    </description>
    <since>2.0.5</since>
    <documentedBy>
      <author>
    	<name></name>
    	<email></email>
      </author>
    </documentedBy>
    <content>
[Under Construction]
    </content>
  </feature>

</sample>
