<?xml version="1.0" encoding="UTF-8"?>

<sample>

  <name>barbecue</name>
  <title>Barbecue Sample</title>
  <description>Shows how barcodes could be included in reports using the Barbecue component.</description>

  <mainFeature ref="barbecue"/>
  <secondaryFeature name="barcodes" sample="barcode4j" title="Barcodes"/>
  
  <!-- barbecue -->
  
  <feature name="barbecue" title="Barcodes (Barbecue Custom Component)">
    <description>
Shows how to render barcodes in a report, using the barcode component based on the <a href="http://barbecue.sourceforge.net/">Barbecue</a> library.
    </description>
    <since>3.5.2</since>
    <documentedBy>
      <author>
    	<name></name>
    	<email></email>
      </author>
    </documentedBy>
    <content>
[Under Construction]
    </content>
  </feature>

</sample>
