<?xml version="1.0" encoding="UTF-8"?>
<project xmlns="http://www.netbeans.org/ns/project/1">
    <type>org.netbeans.modules.apisupport.project</type>
    <configuration>
        <data xmlns="http://www.netbeans.org/ns/nb-module-project/3">
            <code-name-base>com.jaspersoft.ireport</code-name-base>
            <suite-component/>
            <!--- JASPERREPORTS -->
            <!--<class-path-extension>
                <runtime-relative-path>ext/xalan.jar</runtime-relative-path>
                <binary-origin>release/modules/ext/xalan.jar</binary-origin>
            </class-path-extension>-->
            <module-dependencies>
                <dependency>
                    <code-name-base>org.jdesktop.layout</code-name-base>
                    <build-prerequisite/>
                    <compile-dependency/>
                    <run-dependency>
                        <release-version>1</release-version>
                        <specification-version>1.4</specification-version>
                    </run-dependency>
                </dependency>
                <dependency>
                    <code-name-base>org.netbeans.api.progress</code-name-base>
                    <build-prerequisite/>
                    <compile-dependency/>
                    <run-dependency>
                        <release-version>1</release-version>
                        <specification-version>1.10.0.1</specification-version>
                    </run-dependency>
                </dependency>
                <dependency>
                    <code-name-base>org.netbeans.api.visual</code-name-base>
                    <build-prerequisite/>
                    <compile-dependency/>
                    <run-dependency>
                        <specification-version>2.8</specification-version>
                    </run-dependency>
                </dependency>
                <dependency>
                    <code-name-base>org.netbeans.core.multiview</code-name-base>
                    <build-prerequisite/>
                    <compile-dependency/>
                    <run-dependency>
                        <release-version>1</release-version>
                        <specification-version>1.9</specification-version>
                    </run-dependency>
                </dependency>
                <dependency>
                    <code-name-base>org.netbeans.libs.xerces</code-name-base>
                    <build-prerequisite/>
                    <compile-dependency/>
                    <run-dependency>
                        <release-version>1</release-version>
                        <specification-version>1.12.1</specification-version>
                    </run-dependency>
                </dependency>
                <dependency>
                    <code-name-base>org.netbeans.modules.db</code-name-base>
                    <build-prerequisite/>
                    <compile-dependency/>
                    <run-dependency>
                        <release-version>0-1</release-version>
                        <specification-version>1.21.0.5</specification-version>
                    </run-dependency>
                </dependency>
                <dependency>
                    <code-name-base>org.netbeans.modules.editor.mimelookup</code-name-base>
                    <build-prerequisite/>
                    <compile-dependency/>
                    <run-dependency>
                        <release-version>1</release-version>
                        <specification-version>1.8.1</specification-version>
                    </run-dependency>
                </dependency>
                <dependency>
                    <code-name-base>org.netbeans.modules.favorites</code-name-base>
                    <run-dependency>
                        <release-version>1</release-version>
                        <specification-version>1.12.1</specification-version>
                    </run-dependency>
                </dependency>
                <dependency>
                    <code-name-base>org.netbeans.modules.languages</code-name-base>
                    <build-prerequisite/>
                    <compile-dependency/>
                    <run-dependency>
                        <release-version>0-1</release-version>
                        <specification-version>1.84.0.1</specification-version>
                    </run-dependency>
                </dependency>
                <dependency>
                    <code-name-base>org.netbeans.modules.lexer</code-name-base>
                    <build-prerequisite/>
                    <compile-dependency/>
                    <run-dependency>
                        <release-version>2</release-version>
                        <specification-version>1.21.0.1</specification-version>
                    </run-dependency>
                </dependency>
                <dependency>
                    <code-name-base>org.netbeans.modules.options.api</code-name-base>
                    <build-prerequisite/>
                    <compile-dependency/>
                    <run-dependency>
                        <release-version>0-1</release-version>
                        <specification-version>1.5.1</specification-version>
                    </run-dependency>
                </dependency>
                <dependency>
                    <code-name-base>org.netbeans.modules.queries</code-name-base>
                    <build-prerequisite/>
                    <compile-dependency/>
                    <run-dependency>
                        <release-version>1</release-version>
                        <specification-version>1.10.1</specification-version>
                    </run-dependency>
                </dependency>
                <dependency>
                    <code-name-base>org.netbeans.modules.sendopts</code-name-base>
                    <build-prerequisite/>
                    <compile-dependency/>
                    <run-dependency>
                        <release-version>2</release-version>
                        <specification-version>2.1.1</specification-version>
                    </run-dependency>
                </dependency>
                <dependency>
                    <code-name-base>org.netbeans.spi.navigator</code-name-base>
                    <build-prerequisite/>
                    <compile-dependency/>
                    <run-dependency>
                        <release-version>1</release-version>
                        <specification-version>1.5</specification-version>
                    </run-dependency>
                </dependency>
                <dependency>
                    <code-name-base>org.netbeans.spi.palette</code-name-base>
                    <build-prerequisite/>
                    <compile-dependency/>
                    <run-dependency>
                        <release-version>1</release-version>
                        <specification-version>1.11</specification-version>
                    </run-dependency>
                </dependency>
                <dependency>
                    <code-name-base>org.openide.actions</code-name-base>
                    <build-prerequisite/>
                    <compile-dependency/>
                    <run-dependency>
                        <specification-version>6.6.0.1</specification-version>
                    </run-dependency>
                </dependency>
                <dependency>
                    <code-name-base>org.openide.awt</code-name-base>
                    <build-prerequisite/>
                    <compile-dependency/>
                    <run-dependency>
                        <specification-version>6.11.0.1</specification-version>
                    </run-dependency>
                </dependency>
                <dependency>
                    <code-name-base>org.openide.dialogs</code-name-base>
                    <build-prerequisite/>
                    <compile-dependency/>
                    <run-dependency>
                        <specification-version>7.5.1</specification-version>
                    </run-dependency>
                </dependency>
                <dependency>
                    <code-name-base>org.openide.explorer</code-name-base>
                    <build-prerequisite/>
                    <compile-dependency/>
                    <run-dependency>
                        <specification-version>6.11</specification-version>
                    </run-dependency>
                </dependency>
                <dependency>
                    <code-name-base>org.openide.filesystems</code-name-base>
                    <build-prerequisite/>
                    <compile-dependency/>
                    <run-dependency>
                        <specification-version>7.3</specification-version>
                    </run-dependency>
                </dependency>
                <dependency>
                    <code-name-base>org.openide.loaders</code-name-base>
                    <build-prerequisite/>
                    <compile-dependency/>
                    <run-dependency>
                        <specification-version>6.7</specification-version>
                    </run-dependency>
                </dependency>
                <dependency>
                    <code-name-base>org.openide.modules</code-name-base>
                    <build-prerequisite/>
                    <compile-dependency/>
                    <run-dependency>
                        <specification-version>7.3.1</specification-version>
                    </run-dependency>
                </dependency>
                <dependency>
                    <code-name-base>org.openide.nodes</code-name-base>
                    <build-prerequisite/>
                    <compile-dependency/>
                    <run-dependency>
                        <specification-version>7.2.0.1</specification-version>
                    </run-dependency>
                </dependency>
                <dependency>
                    <code-name-base>org.openide.text</code-name-base>
                    <build-prerequisite/>
                    <compile-dependency/>
                    <run-dependency>
                        <specification-version>6.16</specification-version>
                    </run-dependency>
                </dependency>
                <dependency>
                    <code-name-base>org.openide.util</code-name-base>
                    <build-prerequisite/>
                    <compile-dependency/>
                    <run-dependency>
                        <specification-version>7.9.0.1</specification-version>
                    </run-dependency>
                </dependency>
                <dependency>
                    <code-name-base>org.openide.windows</code-name-base>
                    <build-prerequisite/>
                    <compile-dependency/>
                    <run-dependency>
                        <specification-version>6.16</specification-version>
                    </run-dependency>
                </dependency>
            </module-dependencies>
            <public-packages>
                <package>bsh</package>
                <package>bsh.classpath</package>
                <package>bsh.commands</package>
                <package>bsh.org.objectweb.asm</package>
                <package>bsh.servlet</package>
                <package>bsh.util</package>
                <package>com.jaspersoft.ireport</package>
                <package>com.jaspersoft.ireport.designer</package>
                <package>com.jaspersoft.ireport.designer.actions</package>
                <package>com.jaspersoft.ireport.designer.borders</package>
                <package>com.jaspersoft.ireport.designer.charts</package>
                <package>com.jaspersoft.ireport.designer.charts.datasets</package>
                <package>com.jaspersoft.ireport.designer.charts.datasets.wizards</package>
                <package>com.jaspersoft.ireport.designer.charts.multiaxis</package>
                <package>com.jaspersoft.ireport.designer.compatibility</package>
                <package>com.jaspersoft.ireport.designer.compiler</package>
                <package>com.jaspersoft.ireport.designer.compiler.prompt</package>
                <package>com.jaspersoft.ireport.designer.compiler.xml</package>
                <package>com.jaspersoft.ireport.designer.connection</package>
                <package>com.jaspersoft.ireport.designer.connection.gui</package>
                <package>com.jaspersoft.ireport.designer.crosstab</package>
                <package>com.jaspersoft.ireport.designer.crosstab.actions</package>
                <package>com.jaspersoft.ireport.designer.crosstab.undo</package>
                <package>com.jaspersoft.ireport.designer.crosstab.widgets</package>
                <package>com.jaspersoft.ireport.designer.crosstab.wizard</package>
                <package>com.jaspersoft.ireport.designer.data</package>
                <package>com.jaspersoft.ireport.designer.data.fieldsproviders</package>
                <package>com.jaspersoft.ireport.designer.data.fieldsproviders.ejbql</package>
                <package>com.jaspersoft.ireport.designer.data.fieldsproviders.hibernate</package>
                <package>com.jaspersoft.ireport.designer.data.fieldsproviders.olap</package>
                <package>com.jaspersoft.ireport.designer.data.fieldsproviders.xml</package>
                <package>com.jaspersoft.ireport.designer.data.queryexecuters</package>
                <package>com.jaspersoft.ireport.designer.dnd</package>
                <package>com.jaspersoft.ireport.designer.editor</package>
                <package>com.jaspersoft.ireport.designer.errorhandler</package>
                <package>com.jaspersoft.ireport.designer.export</package>
                <package>com.jaspersoft.ireport.designer.fonts</package>
                <package>com.jaspersoft.ireport.designer.formatting</package>
                <package>com.jaspersoft.ireport.designer.formatting.actions</package>
                <package>com.jaspersoft.ireport.designer.jrctx</package>
                <package>com.jaspersoft.ireport.designer.jrctx.nodes</package>
                <package>com.jaspersoft.ireport.designer.jrctx.nodes.editors</package>
                <package>com.jaspersoft.ireport.designer.jrctx.nodes.properties</package>
                <package>com.jaspersoft.ireport.designer.jrtx</package>
                <package>com.jaspersoft.ireport.designer.logpane</package>
                <package>com.jaspersoft.ireport.designer.menu</package>
                <package>com.jaspersoft.ireport.designer.menu.preview</package>
                <package>com.jaspersoft.ireport.designer.options</package>
                <package>com.jaspersoft.ireport.designer.options.export</package>
                <package>com.jaspersoft.ireport.designer.options.jasperreports</package>
                <package>com.jaspersoft.ireport.designer.outline</package>
                <package>com.jaspersoft.ireport.designer.outline.nodes</package>
                <package>com.jaspersoft.ireport.designer.outline.nodes.properties</package>
                <package>com.jaspersoft.ireport.designer.outline.nodes.properties.charts</package>
                <package>com.jaspersoft.ireport.designer.palette</package>
                <package>com.jaspersoft.ireport.designer.palette.actions</package>
                <package>com.jaspersoft.ireport.designer.palette.actions.tools</package>
                <package>com.jaspersoft.ireport.designer.pdf508</package>
                <package>com.jaspersoft.ireport.designer.resourcebundle</package>
                <package>com.jaspersoft.ireport.designer.ruler</package>
                <package>com.jaspersoft.ireport.designer.sheet</package>
                <package>com.jaspersoft.ireport.designer.sheet.editors</package>
                <package>com.jaspersoft.ireport.designer.sheet.editors.box</package>
                <package>com.jaspersoft.ireport.designer.sheet.properties</package>
                <package>com.jaspersoft.ireport.designer.sheet.properties.charts</package>
                <package>com.jaspersoft.ireport.designer.sheet.properties.style</package>
                <package>com.jaspersoft.ireport.designer.styles</package>
                <package>com.jaspersoft.ireport.designer.subreport</package>
                <package>com.jaspersoft.ireport.designer.templates</package>
                <package>com.jaspersoft.ireport.designer.toolbars</package>
                <package>com.jaspersoft.ireport.designer.tools</package>
                <package>com.jaspersoft.ireport.designer.undo</package>
                <package>com.jaspersoft.ireport.designer.utils</package>
                <package>com.jaspersoft.ireport.designer.welcome</package>
                <package>com.jaspersoft.ireport.designer.widgets</package>
                <package>com.jaspersoft.ireport.designer.widgets.visitor</package>
                <package>com.jaspersoft.ireport.designer.wizards</package>
                <package>com.jaspersoft.ireport.examples</package>
                <package>com.jaspersoft.ireport.examples.beans</package>
                <package>com.jaspersoft.ireport.examples.customcomponent</package>
                <package>com.jaspersoft.ireport.jasper</package>
                <package>com.jaspersoft.ireport.locale</package>
                <package>com.keypoint</package>
                <package>com.lowagie.text</package>
                <package>com.lowagie.text.exceptions</package>
                <package>com.lowagie.text.factories</package>
                <package>com.lowagie.text.html</package>
                <package>com.lowagie.text.html.simpleparser</package>
                <package>com.lowagie.text.pdf</package>
                <package>com.lowagie.text.pdf.codec</package>
                <package>com.lowagie.text.pdf.codec.wmf</package>
                <package>com.lowagie.text.pdf.collection</package>
                <package>com.lowagie.text.pdf.crypto</package>
                <package>com.lowagie.text.pdf.draw</package>
                <package>com.lowagie.text.pdf.events</package>
                <package>com.lowagie.text.pdf.fonts</package>
                <package>com.lowagie.text.pdf.fonts.cmaps</package>
                <package>com.lowagie.text.pdf.hyphenation</package>
                <package>com.lowagie.text.pdf.interfaces</package>
                <package>com.lowagie.text.pdf.internal</package>
                <package>com.lowagie.text.pdf.parser</package>
                <package>com.lowagie.text.xml</package>
                <package>com.lowagie.text.xml.simpleparser</package>
                <package>com.lowagie.text.xml.xmp</package>
                <package>com.lowagie.tools</package>
                <package>mondrian.calc</package>
                <package>mondrian.calc.impl</package>
                <package>mondrian.i18n</package>
                <package>mondrian.mdx</package>
                <package>mondrian.olap</package>
                <package>mondrian.olap.fun</package>
                <package>mondrian.olap.fun.extra</package>
                <package>mondrian.olap.fun.vba</package>
                <package>mondrian.olap.type</package>
                <package>mondrian.olap4j</package>
                <package>mondrian.recorder</package>
                <package>mondrian.resource</package>
                <package>mondrian.rolap</package>
                <package>mondrian.rolap.agg</package>
                <package>mondrian.rolap.aggmatcher</package>
                <package>mondrian.rolap.cache</package>
                <package>mondrian.rolap.sql</package>
                <package>mondrian.spi</package>
                <package>mondrian.spi.impl</package>
                <package>mondrian.tui</package>
                <package>mondrian.udf</package>
                <package>mondrian.util</package>
                <package>net.sf.jasperreports.ant</package>
                <package>net.sf.jasperreports.charts</package>
                <package>net.sf.jasperreports.charts.base</package>
                <package>net.sf.jasperreports.charts.design</package>
                <package>net.sf.jasperreports.charts.fill</package>
                <package>net.sf.jasperreports.charts.type</package>
                <package>net.sf.jasperreports.charts.util</package>
                <package>net.sf.jasperreports.charts.xml</package>
                <package>net.sf.jasperreports.chartthemes</package>
                <package>net.sf.jasperreports.chartthemes.simple</package>
                <package>net.sf.jasperreports.chartthemes.simple.handlers</package>
                <package>net.sf.jasperreports.chartthemes.spring</package>
                <package>net.sf.jasperreports.compilers</package>
                <package>net.sf.jasperreports.components</package>
                <package>net.sf.jasperreports.components.barbecue</package>
                <package>net.sf.jasperreports.components.barcode4j</package>
                <package>net.sf.jasperreports.components.charts</package>
                <package>net.sf.jasperreports.components.list</package>
                <package>net.sf.jasperreports.components.map</package>
                <package>net.sf.jasperreports.components.sort</package>
                <package>net.sf.jasperreports.components.spiderchart</package>
                <package>net.sf.jasperreports.components.spiderchart.type</package>
                <package>net.sf.jasperreports.components.table</package>
                <package>net.sf.jasperreports.components.table.fill</package>
                <package>net.sf.jasperreports.components.table.util</package>
                <package>net.sf.jasperreports.crosstabs</package>
                <package>net.sf.jasperreports.crosstabs.base</package>
                <package>net.sf.jasperreports.crosstabs.design</package>
                <package>net.sf.jasperreports.crosstabs.fill</package>
                <package>net.sf.jasperreports.crosstabs.fill.calculation</package>
                <package>net.sf.jasperreports.crosstabs.type</package>
                <package>net.sf.jasperreports.crosstabs.xml</package>
                <package>net.sf.jasperreports.data</package>
                <package>net.sf.jasperreports.data.bean</package>
                <package>net.sf.jasperreports.data.csv</package>
                <package>net.sf.jasperreports.data.ds</package>
                <package>net.sf.jasperreports.data.empty</package>
                <package>net.sf.jasperreports.data.jdbc</package>
                <package>net.sf.jasperreports.data.jndi</package>
                <package>net.sf.jasperreports.data.provider</package>
                <package>net.sf.jasperreports.data.qe</package>
                <package>net.sf.jasperreports.data.xls</package>
                <package>net.sf.jasperreports.data.xlsx</package>
                <package>net.sf.jasperreports.data.xml</package>
                <package>net.sf.jasperreports.engine</package>
                <package>net.sf.jasperreports.engine.base</package>
                <package>net.sf.jasperreports.engine.component</package>
                <package>net.sf.jasperreports.engine.convert</package>
                <package>net.sf.jasperreports.engine.data</package>
                <package>net.sf.jasperreports.engine.design</package>
                <package>net.sf.jasperreports.engine.design.events</package>
                <package>net.sf.jasperreports.engine.export</package>
                <package>net.sf.jasperreports.engine.export.data</package>
                <package>net.sf.jasperreports.engine.export.draw</package>
                <package>net.sf.jasperreports.engine.export.legacy</package>
                <package>net.sf.jasperreports.engine.export.oasis</package>
                <package>net.sf.jasperreports.engine.export.ooxml</package>
                <package>net.sf.jasperreports.engine.export.zip</package>
                <package>net.sf.jasperreports.engine.fill</package>
                <package>net.sf.jasperreports.engine.fonts</package>
                <package>net.sf.jasperreports.engine.print</package>
                <package>net.sf.jasperreports.engine.query</package>
                <package>net.sf.jasperreports.engine.scriptlets</package>
                <package>net.sf.jasperreports.engine.type</package>
                <package>net.sf.jasperreports.engine.util</package>
                <package>net.sf.jasperreports.engine.util.xml</package>
                <package>net.sf.jasperreports.engine.xml</package>
                <package>net.sf.jasperreports.extensions</package>
                <package>net.sf.jasperreports.governors</package>
                <package>net.sf.jasperreports.j2ee.servlets</package>
                <package>net.sf.jasperreports.olap</package>
                <package>net.sf.jasperreports.olap.mapping</package>
                <package>net.sf.jasperreports.olap.mondrian</package>
                <package>net.sf.jasperreports.olap.result</package>
                <package>net.sf.jasperreports.olap.xmla</package>
                <package>net.sf.jasperreports.renderers</package>
                <package>net.sf.jasperreports.repo</package>
                <package>net.sf.jasperreports.swing</package>
                <package>net.sf.jasperreports.view</package>
                <package>net.sf.jasperreports.view.save</package>
                <package>net.sf.jasperreports.web</package>
                <package>net.sf.jasperreports.web.servlets</package>
                <package>net.sf.jasperreports.web.util</package>
                <package>net.sourceforge.barbecue</package>
                <package>net.sourceforge.barbecue.env</package>
                <package>net.sourceforge.barbecue.formatter</package>
                <package>net.sourceforge.barbecue.linear</package>
                <package>net.sourceforge.barbecue.linear.codabar</package>
                <package>net.sourceforge.barbecue.linear.code128</package>
                <package>net.sourceforge.barbecue.linear.code39</package>
                <package>net.sourceforge.barbecue.linear.ean</package>
                <package>net.sourceforge.barbecue.linear.postnet</package>
                <package>net.sourceforge.barbecue.linear.twoOfFive</package>
                <package>net.sourceforge.barbecue.linear.upc</package>
                <package>net.sourceforge.barbecue.output</package>
                <package>net.sourceforge.barbecue.twod.pdf417</package>
                <package>org.apache.batik</package>
                <package>org.apache.batik.anim</package>
                <package>org.apache.batik.anim.timing</package>
                <package>org.apache.batik.anim.values</package>
                <package>org.apache.batik.bridge</package>
                <package>org.apache.batik.bridge.svg12</package>
                <package>org.apache.batik.css.dom</package>
                <package>org.apache.batik.css.engine</package>
                <package>org.apache.batik.css.engine.sac</package>
                <package>org.apache.batik.css.engine.value</package>
                <package>org.apache.batik.css.engine.value.css2</package>
                <package>org.apache.batik.css.engine.value.svg</package>
                <package>org.apache.batik.css.engine.value.svg12</package>
                <package>org.apache.batik.css.parser</package>
                <package>org.apache.batik.dom</package>
                <package>org.apache.batik.dom.anim</package>
                <package>org.apache.batik.dom.events</package>
                <package>org.apache.batik.dom.svg</package>
                <package>org.apache.batik.dom.svg12</package>
                <package>org.apache.batik.dom.traversal</package>
                <package>org.apache.batik.dom.util</package>
                <package>org.apache.batik.dom.xbl</package>
                <package>org.apache.batik.ext.awt</package>
                <package>org.apache.batik.ext.awt.color</package>
                <package>org.apache.batik.ext.awt.font</package>
                <package>org.apache.batik.ext.awt.g2d</package>
                <package>org.apache.batik.ext.awt.geom</package>
                <package>org.apache.batik.ext.awt.image</package>
                <package>org.apache.batik.ext.awt.image.renderable</package>
                <package>org.apache.batik.ext.awt.image.rendered</package>
                <package>org.apache.batik.ext.awt.image.spi</package>
                <package>org.apache.batik.ext.swing</package>
                <package>org.apache.batik.gvt</package>
                <package>org.apache.batik.gvt.event</package>
                <package>org.apache.batik.gvt.filter</package>
                <package>org.apache.batik.gvt.flow</package>
                <package>org.apache.batik.gvt.font</package>
                <package>org.apache.batik.gvt.renderer</package>
                <package>org.apache.batik.gvt.svg12</package>
                <package>org.apache.batik.gvt.text</package>
                <package>org.apache.batik.i18n</package>
                <package>org.apache.batik.parser</package>
                <package>org.apache.batik.script</package>
                <package>org.apache.batik.script.rhino</package>
                <package>org.apache.batik.script.rhino.svg12</package>
                <package>org.apache.batik.svggen</package>
                <package>org.apache.batik.svggen.font</package>
                <package>org.apache.batik.svggen.font.table</package>
                <package>org.apache.batik.util</package>
                <package>org.apache.batik.util.io</package>
                <package>org.apache.batik.util.resources</package>
                <package>org.apache.batik.xml</package>
                <package>org.apache.bcel</package>
                <package>org.apache.bcel.classfile</package>
                <package>org.apache.bcel.generic</package>
                <package>org.apache.bcel.util</package>
                <package>org.apache.bcel.verifier</package>
                <package>org.apache.bcel.verifier.exc</package>
                <package>org.apache.bcel.verifier.statics</package>
                <package>org.apache.bcel.verifier.structurals</package>
                <package>org.apache.commons.beanutils</package>
                <package>org.apache.commons.beanutils.converters</package>
                <package>org.apache.commons.beanutils.expression</package>
                <package>org.apache.commons.beanutils.locale</package>
                <package>org.apache.commons.beanutils.locale.converters</package>
                <package>org.apache.commons.collections</package>
                <package>org.apache.commons.collections.bag</package>
                <package>org.apache.commons.collections.bidimap</package>
                <package>org.apache.commons.collections.buffer</package>
                <package>org.apache.commons.collections.collection</package>
                <package>org.apache.commons.collections.comparators</package>
                <package>org.apache.commons.collections.functors</package>
                <package>org.apache.commons.collections.iterators</package>
                <package>org.apache.commons.collections.keyvalue</package>
                <package>org.apache.commons.collections.list</package>
                <package>org.apache.commons.collections.map</package>
                <package>org.apache.commons.collections.set</package>
                <package>org.apache.commons.dbcp</package>
                <package>org.apache.commons.dbcp.cpdsadapter</package>
                <package>org.apache.commons.dbcp.datasources</package>
                <package>org.apache.commons.digester</package>
                <package>org.apache.commons.digester.annotations</package>
                <package>org.apache.commons.digester.annotations.handlers</package>
                <package>org.apache.commons.digester.annotations.internal</package>
                <package>org.apache.commons.digester.annotations.providers</package>
                <package>org.apache.commons.digester.annotations.reflect</package>
                <package>org.apache.commons.digester.annotations.rules</package>
                <package>org.apache.commons.digester.annotations.spi</package>
                <package>org.apache.commons.digester.annotations.utils</package>
                <package>org.apache.commons.digester.parser</package>
                <package>org.apache.commons.digester.plugins</package>
                <package>org.apache.commons.digester.plugins.strategies</package>
                <package>org.apache.commons.digester.substitution</package>
                <package>org.apache.commons.digester.xmlrules</package>
                <package>org.apache.commons.javaflow</package>
                <package>org.apache.commons.javaflow.ant</package>
                <package>org.apache.commons.javaflow.bytecode</package>
                <package>org.apache.commons.javaflow.bytecode.transformation</package>
                <package>org.apache.commons.javaflow.bytecode.transformation.asm</package>
                <package>org.apache.commons.javaflow.bytecode.transformation.bcel</package>
                <package>org.apache.commons.javaflow.bytecode.transformation.bcel.analyser</package>
                <package>org.apache.commons.javaflow.stores</package>
                <package>org.apache.commons.javaflow.utils</package>
                <package>org.apache.commons.jocl</package>
                <package>org.apache.commons.lang</package>
                <package>org.apache.commons.lang.builder</package>
                <package>org.apache.commons.lang.enums</package>
                <package>org.apache.commons.lang.exception</package>
                <package>org.apache.commons.lang.math</package>
                <package>org.apache.commons.lang.mutable</package>
                <package>org.apache.commons.lang.text</package>
                <package>org.apache.commons.lang.time</package>
                <package>org.apache.commons.logging</package>
                <package>org.apache.commons.logging.impl</package>
                <package>org.apache.commons.math</package>
                <package>org.apache.commons.math.analysis</package>
                <package>org.apache.commons.math.complex</package>
                <package>org.apache.commons.math.distribution</package>
                <package>org.apache.commons.math.linear</package>
                <package>org.apache.commons.math.random</package>
                <package>org.apache.commons.math.special</package>
                <package>org.apache.commons.math.stat</package>
                <package>org.apache.commons.math.stat.descriptive</package>
                <package>org.apache.commons.math.stat.descriptive.moment</package>
                <package>org.apache.commons.math.stat.descriptive.rank</package>
                <package>org.apache.commons.math.stat.descriptive.summary</package>
                <package>org.apache.commons.math.stat.inference</package>
                <package>org.apache.commons.math.stat.regression</package>
                <package>org.apache.commons.math.util</package>
                <package>org.apache.commons.pool</package>
                <package>org.apache.commons.pool.impl</package>
                <package>org.apache.commons.vfs</package>
                <package>org.apache.commons.vfs.auth</package>
                <package>org.apache.commons.vfs.cache</package>
                <package>org.apache.commons.vfs.events</package>
                <package>org.apache.commons.vfs.impl</package>
                <package>org.apache.commons.vfs.operations</package>
                <package>org.apache.commons.vfs.operations.vcs</package>
                <package>org.apache.commons.vfs.provider</package>
                <package>org.apache.commons.vfs.provider.bzip2</package>
                <package>org.apache.commons.vfs.provider.compressed</package>
                <package>org.apache.commons.vfs.provider.ftp</package>
                <package>org.apache.commons.vfs.provider.gzip</package>
                <package>org.apache.commons.vfs.provider.http</package>
                <package>org.apache.commons.vfs.provider.https</package>
                <package>org.apache.commons.vfs.provider.jar</package>
                <package>org.apache.commons.vfs.provider.local</package>
                <package>org.apache.commons.vfs.provider.ram</package>
                <package>org.apache.commons.vfs.provider.res</package>
                <package>org.apache.commons.vfs.provider.sftp</package>
                <package>org.apache.commons.vfs.provider.tar</package>
                <package>org.apache.commons.vfs.provider.temp</package>
                <package>org.apache.commons.vfs.provider.url</package>
                <package>org.apache.commons.vfs.provider.zip</package>
                <package>org.apache.commons.vfs.tasks</package>
                <package>org.apache.commons.vfs.util</package>
                <package>org.apache.log4j</package>
                <package>org.apache.log4j.chainsaw</package>
                <package>org.apache.log4j.config</package>
                <package>org.apache.log4j.helpers</package>
                <package>org.apache.log4j.jdbc</package>
                <package>org.apache.log4j.jmx</package>
                <package>org.apache.log4j.lf5</package>
                <package>org.apache.log4j.lf5.util</package>
                <package>org.apache.log4j.lf5.viewer</package>
                <package>org.apache.log4j.lf5.viewer.categoryexplorer</package>
                <package>org.apache.log4j.lf5.viewer.configure</package>
                <package>org.apache.log4j.net</package>
                <package>org.apache.log4j.nt</package>
                <package>org.apache.log4j.or</package>
                <package>org.apache.log4j.or.jms</package>
                <package>org.apache.log4j.or.sax</package>
                <package>org.apache.log4j.spi</package>
                <package>org.apache.log4j.varia</package>
                <package>org.apache.log4j.xml</package>
                <package>org.apache.oro.io</package>
                <package>org.apache.oro.text</package>
                <package>org.apache.oro.text.awk</package>
                <package>org.apache.oro.text.perl</package>
                <package>org.apache.oro.text.regex</package>
                <package>org.apache.oro.util</package>
                <package>org.apache.poi</package>
                <package>org.apache.poi.dev</package>
                <package>org.apache.poi.extractor</package>
                <package>org.apache.poi.openxml4j.exceptions</package>
                <package>org.apache.poi.openxml4j.opc</package>
                <package>org.apache.poi.openxml4j.opc.internal</package>
                <package>org.apache.poi.openxml4j.opc.internal.marshallers</package>
                <package>org.apache.poi.openxml4j.opc.internal.signature</package>
                <package>org.apache.poi.openxml4j.opc.internal.unmarshallers</package>
                <package>org.apache.poi.openxml4j.opc.signature</package>
                <package>org.apache.poi.openxml4j.util</package>
                <package>org.apache.poi.ss.usermodel</package>
                <package>org.apache.poi.util</package>
                <package>org.apache.poi.xslf</package>
                <package>org.apache.poi.xslf.extractor</package>
                <package>org.apache.poi.xslf.usermodel</package>
                <package>org.apache.poi.xssf.dev</package>
                <package>org.apache.poi.xssf.eventusermodel</package>
                <package>org.apache.poi.xssf.extractor</package>
                <package>org.apache.poi.xssf.model</package>
                <package>org.apache.poi.xssf.usermodel</package>
                <package>org.apache.poi.xssf.usermodel.extensions</package>
                <package>org.apache.poi.xssf.usermodel.helpers</package>
                <package>org.apache.poi.xssf.util</package>
                <package>org.apache.poi.xwpf.extractor</package>
                <package>org.apache.poi.xwpf.model</package>
                <package>org.apache.poi.xwpf.usermodel</package>
                <package>org.apache.velocity</package>
                <package>org.apache.velocity.anakia</package>
                <package>org.apache.velocity.app</package>
                <package>org.apache.velocity.app.event</package>
                <package>org.apache.velocity.app.event.implement</package>
                <package>org.apache.velocity.app.tools</package>
                <package>org.apache.velocity.context</package>
                <package>org.apache.velocity.convert</package>
                <package>org.apache.velocity.exception</package>
                <package>org.apache.velocity.io</package>
                <package>org.apache.velocity.runtime</package>
                <package>org.apache.velocity.runtime.directive</package>
                <package>org.apache.velocity.runtime.log</package>
                <package>org.apache.velocity.runtime.parser</package>
                <package>org.apache.velocity.runtime.parser.node</package>
                <package>org.apache.velocity.runtime.resource</package>
                <package>org.apache.velocity.runtime.resource.loader</package>
                <package>org.apache.velocity.runtime.resource.util</package>
                <package>org.apache.velocity.runtime.visitor</package>
                <package>org.apache.velocity.servlet</package>
                <package>org.apache.velocity.texen</package>
                <package>org.apache.velocity.texen.ant</package>
                <package>org.apache.velocity.texen.util</package>
                <package>org.apache.velocity.util</package>
                <package>org.apache.velocity.util.introspection</package>
                <package>org.apache.xmlbeans</package>
                <package>org.apache.xmlbeans.impl.common</package>
                <package>org.apache.xmlbeans.impl.config</package>
                <package>org.apache.xmlbeans.impl.inst2xsd</package>
                <package>org.apache.xmlbeans.impl.inst2xsd.util</package>
                <package>org.apache.xmlbeans.impl.jam</package>
                <package>org.apache.xmlbeans.impl.jam.annotation</package>
                <package>org.apache.xmlbeans.impl.jam.internal</package>
                <package>org.apache.xmlbeans.impl.jam.internal.classrefs</package>
                <package>org.apache.xmlbeans.impl.jam.internal.elements</package>
                <package>org.apache.xmlbeans.impl.jam.internal.javadoc</package>
                <package>org.apache.xmlbeans.impl.jam.internal.parser</package>
                <package>org.apache.xmlbeans.impl.jam.internal.reflect</package>
                <package>org.apache.xmlbeans.impl.jam.mutable</package>
                <package>org.apache.xmlbeans.impl.jam.provider</package>
                <package>org.apache.xmlbeans.impl.jam.visitor</package>
                <package>org.apache.xmlbeans.impl.jam.xml</package>
                <package>org.apache.xmlbeans.impl.piccolo.io</package>
                <package>org.apache.xmlbeans.impl.piccolo.util</package>
                <package>org.apache.xmlbeans.impl.piccolo.xml</package>
                <package>org.apache.xmlbeans.impl.regex</package>
                <package>org.apache.xmlbeans.impl.richParser</package>
                <package>org.apache.xmlbeans.impl.schema</package>
                <package>org.apache.xmlbeans.impl.soap</package>
                <package>org.apache.xmlbeans.impl.store</package>
                <package>org.apache.xmlbeans.impl.tool</package>
                <package>org.apache.xmlbeans.impl.util</package>
                <package>org.apache.xmlbeans.impl.validator</package>
                <package>org.apache.xmlbeans.impl.values</package>
                <package>org.apache.xmlbeans.impl.xb.ltgfmt</package>
                <package>org.apache.xmlbeans.impl.xb.ltgfmt.impl</package>
                <package>org.apache.xmlbeans.impl.xb.substwsdl</package>
                <package>org.apache.xmlbeans.impl.xb.substwsdl.impl</package>
                <package>org.apache.xmlbeans.impl.xb.xmlconfig</package>
                <package>org.apache.xmlbeans.impl.xb.xmlconfig.impl</package>
                <package>org.apache.xmlbeans.impl.xb.xmlschema</package>
                <package>org.apache.xmlbeans.impl.xb.xmlschema.impl</package>
                <package>org.apache.xmlbeans.impl.xb.xsdownload</package>
                <package>org.apache.xmlbeans.impl.xb.xsdownload.impl</package>
                <package>org.apache.xmlbeans.impl.xb.xsdschema</package>
                <package>org.apache.xmlbeans.impl.xb.xsdschema.impl</package>
                <package>org.apache.xmlbeans.impl.xpathgen</package>
                <package>org.apache.xmlbeans.impl.xsd2inst</package>
                <package>org.apache.xmlbeans.soap</package>
                <package>org.apache.xmlbeans.xml.stream</package>
                <package>org.apache.xmlbeans.xml.stream.events</package>
                <package>org.apache.xmlbeans.xml.stream.utils</package>
                <package>org.castor.core</package>
                <package>org.castor.core.exceptions</package>
                <package>org.castor.core.util</package>
                <package>org.castor.mapping</package>
                <package>org.castor.util</package>
                <package>org.castor.util.concurrent</package>
                <package>org.castor.xml</package>
                <package>org.codehaus.groovy</package>
                <package>org.codehaus.groovy.ant</package>
                <package>org.codehaus.groovy.antlr</package>
                <package>org.codehaus.groovy.antlr.java</package>
                <package>org.codehaus.groovy.antlr.parser</package>
                <package>org.codehaus.groovy.antlr.treewalker</package>
                <package>org.codehaus.groovy.ast</package>
                <package>org.codehaus.groovy.ast.builder</package>
                <package>org.codehaus.groovy.ast.expr</package>
                <package>org.codehaus.groovy.ast.stmt</package>
                <package>org.codehaus.groovy.binding</package>
                <package>org.codehaus.groovy.bsf</package>
                <package>org.codehaus.groovy.classgen</package>
                <package>org.codehaus.groovy.control</package>
                <package>org.codehaus.groovy.control.io</package>
                <package>org.codehaus.groovy.control.messages</package>
                <package>org.codehaus.groovy.groovydoc</package>
                <package>org.codehaus.groovy.jsr223</package>
                <package>org.codehaus.groovy.reflection</package>
                <package>org.codehaus.groovy.reflection.stdclasses</package>
                <package>org.codehaus.groovy.runtime</package>
                <package>org.codehaus.groovy.runtime.callsite</package>
                <package>org.codehaus.groovy.runtime.dgmimpl</package>
                <package>org.codehaus.groovy.runtime.dgmimpl.arrays</package>
                <package>org.codehaus.groovy.runtime.metaclass</package>
                <package>org.codehaus.groovy.runtime.typehandling</package>
                <package>org.codehaus.groovy.runtime.wrappers</package>
                <package>org.codehaus.groovy.syntax</package>
                <package>org.codehaus.groovy.tools</package>
                <package>org.codehaus.groovy.tools.ast</package>
                <package>org.codehaus.groovy.tools.groovydoc</package>
                <package>org.codehaus.groovy.tools.groovydoc.gstringTemplates</package>
                <package>org.codehaus.groovy.tools.gse</package>
                <package>org.codehaus.groovy.tools.javac</package>
                <package>org.codehaus.groovy.tools.shell</package>
                <package>org.codehaus.groovy.tools.shell.commands</package>
                <package>org.codehaus.groovy.tools.shell.util</package>
                <package>org.codehaus.groovy.tools.xml</package>
                <package>org.codehaus.groovy.transform</package>
                <package>org.codehaus.groovy.transform.powerassert</package>
                <package>org.codehaus.groovy.util</package>
                <package>org.codehaus.groovy.vmplugin</package>
                <package>org.codehaus.groovy.vmplugin.v4</package>
                <package>org.codehaus.groovy.vmplugin.v5</package>
                <package>org.codehaus.groovy.vmplugin.v6</package>
                <package>org.codehaus.jackson</package>
                <package>org.codehaus.jackson.annotate</package>
                <package>org.codehaus.jackson.impl</package>
                <package>org.codehaus.jackson.io</package>
                <package>org.codehaus.jackson.map</package>
                <package>org.codehaus.jackson.map.annotate</package>
                <package>org.codehaus.jackson.map.deser</package>
                <package>org.codehaus.jackson.map.deser.impl</package>
                <package>org.codehaus.jackson.map.exc</package>
                <package>org.codehaus.jackson.map.ext</package>
                <package>org.codehaus.jackson.map.introspect</package>
                <package>org.codehaus.jackson.map.jsontype</package>
                <package>org.codehaus.jackson.map.jsontype.impl</package>
                <package>org.codehaus.jackson.map.module</package>
                <package>org.codehaus.jackson.map.ser</package>
                <package>org.codehaus.jackson.map.ser.impl</package>
                <package>org.codehaus.jackson.map.type</package>
                <package>org.codehaus.jackson.map.util</package>
                <package>org.codehaus.jackson.node</package>
                <package>org.codehaus.jackson.schema</package>
                <package>org.codehaus.jackson.sym</package>
                <package>org.codehaus.jackson.type</package>
                <package>org.codehaus.jackson.util</package>
                <package>org.dom4j</package>
                <package>org.dom4j.bean</package>
                <package>org.dom4j.datatype</package>
                <package>org.dom4j.dom</package>
                <package>org.dom4j.dtd</package>
                <package>org.dom4j.io</package>
                <package>org.dom4j.jaxb</package>
                <package>org.dom4j.rule</package>
                <package>org.dom4j.rule.pattern</package>
                <package>org.dom4j.swing</package>
                <package>org.dom4j.tree</package>
                <package>org.dom4j.util</package>
                <package>org.dom4j.xpath</package>
                <package>org.dom4j.xpp</package>
                <package>org.eclipse.jdt.core.compiler</package>
                <package>org.eclipse.jdt.internal.compiler</package>
                <package>org.eclipse.jdt.internal.compiler.ast</package>
                <package>org.eclipse.jdt.internal.compiler.batch</package>
                <package>org.eclipse.jdt.internal.compiler.classfmt</package>
                <package>org.eclipse.jdt.internal.compiler.codegen</package>
                <package>org.eclipse.jdt.internal.compiler.env</package>
                <package>org.eclipse.jdt.internal.compiler.flow</package>
                <package>org.eclipse.jdt.internal.compiler.impl</package>
                <package>org.eclipse.jdt.internal.compiler.lookup</package>
                <package>org.eclipse.jdt.internal.compiler.parser</package>
                <package>org.eclipse.jdt.internal.compiler.parser.diagnose</package>
                <package>org.eclipse.jdt.internal.compiler.problem</package>
                <package>org.eclipse.jdt.internal.compiler.util</package>
                <package>org.eclipse.jdt.internal.core.util</package>
                <package>org.exolab.castor.core.exceptions</package>
                <package>org.exolab.castor.dsml</package>
                <package>org.exolab.castor.dsml.jndi</package>
                <package>org.exolab.castor.dsml.mozilla</package>
                <package>org.exolab.castor.dsml.schema</package>
                <package>org.exolab.castor.dsml.tools</package>
                <package>org.exolab.castor.mapping</package>
                <package>org.exolab.castor.mapping.handlers</package>
                <package>org.exolab.castor.mapping.loader</package>
                <package>org.exolab.castor.mapping.xml</package>
                <package>org.exolab.castor.mapping.xml.descriptors</package>
                <package>org.exolab.castor.mapping.xml.types</package>
                <package>org.exolab.castor.mapping.xml.types.descriptors</package>
                <package>org.exolab.castor.net</package>
                <package>org.exolab.castor.net.util</package>
                <package>org.exolab.castor.tools</package>
                <package>org.exolab.castor.types</package>
                <package>org.exolab.castor.util</package>
                <package>org.exolab.castor.util.dialog</package>
                <package>org.exolab.castor.xml</package>
                <package>org.exolab.castor.xml.descriptors</package>
                <package>org.exolab.castor.xml.handlers</package>
                <package>org.exolab.castor.xml.location</package>
                <package>org.exolab.castor.xml.util</package>
                <package>org.exolab.castor.xml.util.resolvers</package>
                <package>org.exolab.castor.xml.validators</package>
                <package>org.exolab.castor.xml.wls8</package>
                <package>org.jaxen</package>
                <package>org.jaxen.dom</package>
                <package>org.jaxen.dom4j</package>
                <package>org.jaxen.expr</package>
                <package>org.jaxen.expr.iter</package>
                <package>org.jaxen.function</package>
                <package>org.jaxen.function.ext</package>
                <package>org.jaxen.function.xslt</package>
                <package>org.jaxen.javabean</package>
                <package>org.jaxen.jdom</package>
                <package>org.jaxen.pattern</package>
                <package>org.jaxen.saxpath</package>
                <package>org.jaxen.saxpath.base</package>
                <package>org.jaxen.saxpath.helpers</package>
                <package>org.jaxen.util</package>
                <package>org.jaxen.xom</package>
                <package>org.jdesktop.beans</package>
                <package>org.jdesktop.swingx</package>
                <package>org.jdesktop.swingx.action</package>
                <package>org.jdesktop.swingx.auth</package>
                <package>org.jdesktop.swingx.autocomplete</package>
                <package>org.jdesktop.swingx.autocomplete.workarounds</package>
                <package>org.jdesktop.swingx.border</package>
                <package>org.jdesktop.swingx.calendar</package>
                <package>org.jdesktop.swingx.color</package>
                <package>org.jdesktop.swingx.combobox</package>
                <package>org.jdesktop.swingx.decorator</package>
                <package>org.jdesktop.swingx.editors</package>
                <package>org.jdesktop.swingx.error</package>
                <package>org.jdesktop.swingx.event</package>
                <package>org.jdesktop.swingx.geom</package>
                <package>org.jdesktop.swingx.graphics</package>
                <package>org.jdesktop.swingx.icon</package>
                <package>org.jdesktop.swingx.image</package>
                <package>org.jdesktop.swingx.multislider</package>
                <package>org.jdesktop.swingx.multisplitpane</package>
                <package>org.jdesktop.swingx.painter</package>
                <package>org.jdesktop.swingx.painter.effects</package>
                <package>org.jdesktop.swingx.plaf</package>
                <package>org.jdesktop.swingx.plaf.basic</package>
                <package>org.jdesktop.swingx.plaf.linux</package>
                <package>org.jdesktop.swingx.plaf.macosx</package>
                <package>org.jdesktop.swingx.plaf.metal</package>
                <package>org.jdesktop.swingx.plaf.misc</package>
                <package>org.jdesktop.swingx.plaf.motif</package>
                <package>org.jdesktop.swingx.plaf.nimbus</package>
                <package>org.jdesktop.swingx.plaf.windows</package>
                <package>org.jdesktop.swingx.renderer</package>
                <package>org.jdesktop.swingx.table</package>
                <package>org.jdesktop.swingx.tips</package>
                <package>org.jdesktop.swingx.tree</package>
                <package>org.jdesktop.swingx.treetable</package>
                <package>org.jdesktop.swingx.util</package>
                <package>org.jfree</package>
                <package>org.jfree.base</package>
                <package>org.jfree.base.config</package>
                <package>org.jfree.base.log</package>
                <package>org.jfree.base.modules</package>
                <package>org.jfree.chart</package>
                <package>org.jfree.chart.annotations</package>
                <package>org.jfree.chart.axis</package>
                <package>org.jfree.chart.block</package>
                <package>org.jfree.chart.demo</package>
                <package>org.jfree.chart.editor</package>
                <package>org.jfree.chart.encoders</package>
                <package>org.jfree.chart.entity</package>
                <package>org.jfree.chart.event</package>
                <package>org.jfree.chart.imagemap</package>
                <package>org.jfree.chart.labels</package>
                <package>org.jfree.chart.needle</package>
                <package>org.jfree.chart.plot</package>
                <package>org.jfree.chart.plot.dial</package>
                <package>org.jfree.chart.renderer</package>
                <package>org.jfree.chart.renderer.category</package>
                <package>org.jfree.chart.renderer.xy</package>
                <package>org.jfree.chart.resources</package>
                <package>org.jfree.chart.servlet</package>
                <package>org.jfree.chart.title</package>
                <package>org.jfree.chart.urls</package>
                <package>org.jfree.chart.util</package>
                <package>org.jfree.data</package>
                <package>org.jfree.data.category</package>
                <package>org.jfree.data.contour</package>
                <package>org.jfree.data.function</package>
                <package>org.jfree.data.gantt</package>
                <package>org.jfree.data.general</package>
                <package>org.jfree.data.io</package>
                <package>org.jfree.data.jdbc</package>
                <package>org.jfree.data.resources</package>
                <package>org.jfree.data.statistics</package>
                <package>org.jfree.data.time</package>
                <package>org.jfree.data.time.ohlc</package>
                <package>org.jfree.data.xml</package>
                <package>org.jfree.data.xy</package>
                <package>org.jfree.date</package>
                <package>org.jfree.io</package>
                <package>org.jfree.layout</package>
                <package>org.jfree.resources</package>
                <package>org.jfree.text</package>
                <package>org.jfree.threads</package>
                <package>org.jfree.ui</package>
                <package>org.jfree.ui.about</package>
                <package>org.jfree.ui.about.resources</package>
                <package>org.jfree.ui.action</package>
                <package>org.jfree.ui.tabbedui</package>
                <package>org.jfree.util</package>
                <package>org.krysalis.barcode4j</package>
                <package>org.krysalis.barcode4j.cli</package>
                <package>org.krysalis.barcode4j.impl</package>
                <package>org.krysalis.barcode4j.impl.codabar</package>
                <package>org.krysalis.barcode4j.impl.code128</package>
                <package>org.krysalis.barcode4j.impl.code39</package>
                <package>org.krysalis.barcode4j.impl.datamatrix</package>
                <package>org.krysalis.barcode4j.impl.fourstate</package>
                <package>org.krysalis.barcode4j.impl.int2of5</package>
                <package>org.krysalis.barcode4j.impl.pdf417</package>
                <package>org.krysalis.barcode4j.impl.postnet</package>
                <package>org.krysalis.barcode4j.impl.upcean</package>
                <package>org.krysalis.barcode4j.output</package>
                <package>org.krysalis.barcode4j.output.bitmap</package>
                <package>org.krysalis.barcode4j.output.eps</package>
                <package>org.krysalis.barcode4j.output.java2d</package>
                <package>org.krysalis.barcode4j.output.svg</package>
                <package>org.krysalis.barcode4j.saxon8</package>
                <package>org.krysalis.barcode4j.servlet</package>
                <package>org.krysalis.barcode4j.tools</package>
                <package>org.krysalis.barcode4j.xalan</package>
                <package>org.mozilla.classfile</package>
                <package>org.mozilla.javascript</package>
                <package>org.mozilla.javascript.continuations</package>
                <package>org.mozilla.javascript.debug</package>
                <package>org.mozilla.javascript.edu.emory.mathcs.backport.java.util</package>
                <package>org.mozilla.javascript.edu.emory.mathcs.backport.java.util.concurrent</package>
                <package>org.mozilla.javascript.edu.emory.mathcs.backport.java.util.concurrent.helpers</package>
                <package>org.mozilla.javascript.edu.emory.mathcs.backport.java.util.concurrent.locks</package>
                <package>org.mozilla.javascript.jdk11</package>
                <package>org.mozilla.javascript.jdk13</package>
                <package>org.mozilla.javascript.jdk15</package>
                <package>org.mozilla.javascript.net.sf.retrotranslator.runtime.asm</package>
                <package>org.mozilla.javascript.net.sf.retrotranslator.runtime.asm.signature</package>
                <package>org.mozilla.javascript.net.sf.retrotranslator.runtime.impl</package>
                <package>org.mozilla.javascript.net.sf.retrotranslator.runtime.java.lang</package>
                <package>org.mozilla.javascript.net.sf.retrotranslator.runtime.java.lang.annotation</package>
                <package>org.mozilla.javascript.net.sf.retrotranslator.runtime.java.lang.reflect</package>
                <package>org.mozilla.javascript.net.sf.retrotranslator.runtime.java.util</package>
                <package>org.mozilla.javascript.optimizer</package>
                <package>org.mozilla.javascript.regexp</package>
                <package>org.mozilla.javascript.serialize</package>
                <package>org.mozilla.javascript.tools</package>
                <package>org.mozilla.javascript.tools.idswitch</package>
                <package>org.mozilla.javascript.tools.jsc</package>
                <package>org.mozilla.javascript.tools.shell</package>
                <package>org.mozilla.javascript.xml</package>
                <package>org.mozilla.javascript.xml.impl.xmlbeans</package>
                <package>org.mozilla.javascript.xmlimpl</package>
                <package>org.objectweb.asm</package>
                <package>org.objectweb.asm.attrs</package>
                <package>org.w3c.tools.codec</package>
                <package>rex.xmla</package>
            </public-packages>
            <class-path-extension>
                <runtime-relative-path>ext/commons-javaflow-20060411.jar</runtime-relative-path>
                <binary-origin>release/modules/ext/commons-javaflow-20060411.jar</binary-origin>
            </class-path-extension>
            <class-path-extension>
                <runtime-relative-path>ext/jfreechart-1.0.12.jar</runtime-relative-path>
                <binary-origin>release/modules/ext/jfreechart-1.0.12.jar</binary-origin>
            </class-path-extension>
            <!-- <class-path-extension> No longer requires with NetBeans 6.5.1
                <runtime-relative-path>ext/xercesImpl-2.7.0.jar</runtime-relative-path>
                <binary-origin>release/modules/ext/xercesImpl-2.7.0.jar</binary-origin>
            </class-path-extension> -->
            <class-path-extension>
                <runtime-relative-path>ext/commons-digester-2.1.jar</runtime-relative-path>
                <binary-origin>release/modules/ext/commons-digester-2.1.jar</binary-origin>
            </class-path-extension>
            <class-path-extension>
                <runtime-relative-path>ext/bsh-2.1b5.jar</runtime-relative-path>
                <binary-origin>release/modules/ext/bsh-2.1b5.jar</binary-origin>
            </class-path-extension>
            <class-path-extension>
                <runtime-relative-path>ext/jpa.jar</runtime-relative-path>
                <binary-origin>release/modules/ext/jpa.jar</binary-origin>
            </class-path-extension>
            <!-- <class-path-extension>
                <runtime-relative-path>ext/hsqldb-1.8.0-10.jar</runtime-relative-path>
                <binary-origin>release/modules/ext/hsqldb-1.8.0-10.jar</binary-origin>
            </class-path-extension> -->
            <class-path-extension>
                <runtime-relative-path>ext/commons-collections-3.2.1.jar</runtime-relative-path>
                <binary-origin>release/modules/ext/commons-collections-3.2.1.jar</binary-origin>
            </class-path-extension>
            <class-path-extension>
                <runtime-relative-path>ext/poi-3.7-20101029.jar</runtime-relative-path>
                <binary-origin>release/modules/ext/poi-3.7-20101029.jar</binary-origin>
            </class-path-extension>
            <!-- <class-path-extension>
                <runtime-relative-path>ext/xml-apis.jar</runtime-relative-path>
                <binary-origin>release/modules/ext/xml-apis.jar</binary-origin>
            </class-path-extension> -->
            <class-path-extension>
                <runtime-relative-path>ext/ant-1.7.1.jar</runtime-relative-path>
                <binary-origin>release/modules/ext/ant-1.7.1.jar</binary-origin>
            </class-path-extension>
            <class-path-extension>
                <runtime-relative-path>ext/commons-beanutils-1.8.2.jar</runtime-relative-path>
                <binary-origin>release/modules/ext/commons-beanutils-1.8.2.jar</binary-origin>
            </class-path-extension>
            <class-path-extension>
                <runtime-relative-path>ext/jakarta-bcel-20050813.jar</runtime-relative-path>
                <binary-origin>release/modules/ext/jakarta-bcel-20050813.jar</binary-origin>
            </class-path-extension>
            <class-path-extension>
                <runtime-relative-path>ext/groovy-all-1.7.5.jar</runtime-relative-path>
                <binary-origin>release/modules/ext/groovy-all-1.7.5.jar</binary-origin>
            </class-path-extension>
            <class-path-extension>
                <runtime-relative-path>ext/jcommon-1.0.15.jar</runtime-relative-path>
                <binary-origin>release/modules/ext/jcommon-1.0.15.jar</binary-origin>
            </class-path-extension>
            <class-path-extension>
                <runtime-relative-path>ext/antlr-2.7.6.jar</runtime-relative-path>
                <binary-origin>release/modules/ext/antlr-2.7.6.jar</binary-origin>
            </class-path-extension>
            <class-path-extension>
                <runtime-relative-path>ext/commons-logging-1.1.jar</runtime-relative-path>
                <binary-origin>release/modules/ext/commons-logging-1.1.jar</binary-origin>
            </class-path-extension>
            <class-path-extension>
                <runtime-relative-path>ext/jdt-compiler-3.1.1.jar</runtime-relative-path>
                <binary-origin>release/modules/ext/jdt-compiler-3.1.1.jar</binary-origin>
            </class-path-extension>
            <class-path-extension>
                <runtime-relative-path>ext/jasperreports-4.5.1.jar</runtime-relative-path>
                <binary-origin>release/modules/ext/jasperreports-4.5.1.jar</binary-origin>
            </class-path-extension>
            <class-path-extension>
                <runtime-relative-path>ext/jasperreports-fonts-4.5.0.jar</runtime-relative-path>
                <binary-origin>release/modules/ext/jasperreports-fonts-4.5.0.jar</binary-origin>
            </class-path-extension>
            <class-path-extension>
                <runtime-relative-path>ext/jasperreports-chart-themes-4.5.0.jar</runtime-relative-path>
                <binary-origin>release/modules/ext/jasperreports-chart-themes-4.5.0.jar</binary-origin>
            </class-path-extension>
            <class-path-extension>
                <runtime-relative-path>ext/jaxen-1.1.1.jar</runtime-relative-path>
                <binary-origin>release/modules/ext/jaxen-1.1.1.jar</binary-origin>
            </class-path-extension>
            <class-path-extension>
                <runtime-relative-path>ext/iText-2.1.7.jar</runtime-relative-path>
                <binary-origin>release/modules/ext/iText-2.1.7.jar</binary-origin>
            </class-path-extension>
            <class-path-extension>
                <runtime-relative-path>ext/jxl-2.6.10.jar</runtime-relative-path>
                <binary-origin>release/modules/ext/jxl-2.6.10.jar</binary-origin>
            </class-path-extension>
            <!-- <class-path-extension>
                <runtime-relative-path>ext/servlet.jar</runtime-relative-path>
                <binary-origin>release/modules/ext/servlet.jar</binary-origin>
            </class-path-extension> -->
            <class-path-extension>
                <runtime-relative-path>ext/saaj-api-1.3.jar</runtime-relative-path>
                <binary-origin>release/modules/ext/saaj-api-1.3.jar</binary-origin>
            </class-path-extension>
            <class-path-extension>
                <runtime-relative-path>ext/batik-anim.jar</runtime-relative-path>
                <binary-origin>release/modules/ext/batik-anim.jar</binary-origin>
            </class-path-extension>
            <class-path-extension>
                <runtime-relative-path>ext/batik-awt-util.jar</runtime-relative-path>
                <binary-origin>release/modules/ext/batik-awt-util.jar</binary-origin>
            </class-path-extension>
            <class-path-extension>
                <runtime-relative-path>ext/batik-bridge.jar</runtime-relative-path>
                <binary-origin>release/modules/ext/batik-bridge.jar</binary-origin>
            </class-path-extension>
            <class-path-extension>
                <runtime-relative-path>ext/batik-css.jar</runtime-relative-path>
                <binary-origin>release/modules/ext/batik-css.jar</binary-origin>
            </class-path-extension>
            <class-path-extension>
                <runtime-relative-path>ext/batik-dom.jar</runtime-relative-path>
                <binary-origin>release/modules/ext/batik-dom.jar</binary-origin>
            </class-path-extension>
            <class-path-extension>
                <runtime-relative-path>ext/batik-ext.jar</runtime-relative-path>
                <binary-origin>release/modules/ext/batik-ext.jar</binary-origin>
            </class-path-extension>
            <class-path-extension>
                <runtime-relative-path>ext/batik-gvt.jar</runtime-relative-path>
                <binary-origin>release/modules/ext/batik-gvt.jar</binary-origin>
            </class-path-extension>
            <class-path-extension>
                <runtime-relative-path>ext/batik-parser.jar</runtime-relative-path>
                <binary-origin>release/modules/ext/batik-parser.jar</binary-origin>
            </class-path-extension>
            <class-path-extension>
                <runtime-relative-path>ext/batik-script.jar</runtime-relative-path>
                <binary-origin>release/modules/ext/batik-script.jar</binary-origin>
            </class-path-extension>
            <class-path-extension>
                <runtime-relative-path>ext/batik-svg-dom.jar</runtime-relative-path>
                <binary-origin>release/modules/ext/batik-svg-dom.jar</binary-origin>
            </class-path-extension>
            <class-path-extension>
                <runtime-relative-path>ext/batik-svggen.jar</runtime-relative-path>
                <binary-origin>release/modules/ext/batik-svggen.jar</binary-origin>
            </class-path-extension>
            <class-path-extension>
                <runtime-relative-path>ext/batik-util.jar</runtime-relative-path>
                <binary-origin>release/modules/ext/batik-util.jar</binary-origin>
            </class-path-extension>
            <class-path-extension>
                <runtime-relative-path>ext/batik-xml.jar</runtime-relative-path>
                <binary-origin>release/modules/ext/batik-xml.jar</binary-origin>
            </class-path-extension>
            <class-path-extension>
                <runtime-relative-path>ext/barbecue-1.5-beta1.jar</runtime-relative-path>
                <binary-origin>release/modules/ext/barbecue-1.5-beta1.jar</binary-origin>
            </class-path-extension>
            <!--<class-path-extension>
                <runtime-relative-path>ext/commons-logging-api-1.0.2.jar</runtime-relative-path>
                <binary-origin>release/modules/ext/commons-logging-api-1.0.2.jar</binary-origin>
            </class-path-extension>-->
            <class-path-extension>
                <runtime-relative-path>ext/hibernate3.jar</runtime-relative-path>
                <binary-origin>release/modules/ext/hibernate3.jar</binary-origin>
            </class-path-extension>
            <class-path-extension>
                <runtime-relative-path>ext/ejb3-persistence.jar</runtime-relative-path>
                <binary-origin>release/modules/ext/ejb3-persistence.jar</binary-origin>
            </class-path-extension>
            <class-path-extension>
                <runtime-relative-path>ext/hibernate-annotations.jar</runtime-relative-path>
                <binary-origin>release/modules/ext/hibernate-annotations.jar</binary-origin>
            </class-path-extension>
            <class-path-extension>
                <runtime-relative-path>ext/hibernate-commons-annotations.jar</runtime-relative-path>
                <binary-origin>release/modules/ext/hibernate-commons-annotations.jar</binary-origin>
            </class-path-extension>
            <class-path-extension>
                <runtime-relative-path>ext/slf4j-api.jar</runtime-relative-path>
                <binary-origin>release/modules/ext/slf4j-api.jar</binary-origin>
            </class-path-extension>
            <class-path-extension>
                <runtime-relative-path>ext/javassist-3.4.GA.jar</runtime-relative-path>
                <binary-origin>release/modules/ext/javassist-3.4.GA.jar</binary-origin>
            </class-path-extension>
            <class-path-extension>
                <runtime-relative-path>ext/slf4j-log4j12.jar</runtime-relative-path>
                <binary-origin>release/modules/ext/slf4j-log4j12.jar</binary-origin>
            </class-path-extension>
            <class-path-extension>
                <runtime-relative-path>ext/log4j-1.2.15.jar</runtime-relative-path>
                <binary-origin>release/modules/ext/log4j-1.2.15.jar</binary-origin>
            </class-path-extension>
            <class-path-extension>
                <runtime-relative-path>ext/png-encoder-1.5.jar</runtime-relative-path>
                <binary-origin>release/modules/ext/png-encoder-1.5.jar</binary-origin>
            </class-path-extension>
            <class-path-extension>
                <runtime-relative-path>ext/cincom-jr-xmla.jar</runtime-relative-path>
                <binary-origin>release/modules/ext/cincom-jr-xmla.jar</binary-origin>
            </class-path-extension>
            <class-path-extension>
                <runtime-relative-path>ext/rhino-1.7R1.jar</runtime-relative-path>
                <binary-origin>release/modules/ext/rhino-1.7R1.jar</binary-origin>
            </class-path-extension>
            <class-path-extension>
                <runtime-relative-path>ext/castor-1.2.jar</runtime-relative-path>
                <binary-origin>release/modules/ext/castor-1.2.jar</binary-origin>
            </class-path-extension>
            <class-path-extension>
                <runtime-relative-path>ext/xml-apis-ext.jar</runtime-relative-path>
                <binary-origin>release/modules/ext/xml-apis-ext.jar</binary-origin>
            </class-path-extension>
            <!-- end JASPERREPORTS -->
            <!-- HIBERNATE -->
            <class-path-extension>
                <runtime-relative-path>ext/jta.jar</runtime-relative-path>
                <binary-origin>release/modules/ext/jta.jar</binary-origin>
            </class-path-extension>
            <class-path-extension>
                <runtime-relative-path>ext/asm.jar</runtime-relative-path>
                <binary-origin>release/modules/ext/asm.jar</binary-origin>
            </class-path-extension>
            <class-path-extension>
                <runtime-relative-path>ext/asm-attrs.jar</runtime-relative-path>
                <binary-origin>release/modules/ext/asm-attrs.jar</binary-origin>
            </class-path-extension>
            <class-path-extension>
                <runtime-relative-path>ext/cglib-2.1.jar</runtime-relative-path>
                <binary-origin>release/modules/ext/cglib-2.1.jar</binary-origin>
            </class-path-extension>
            <class-path-extension>
                <runtime-relative-path>ext/dom4j-1.6.jar</runtime-relative-path>
                <binary-origin>release/modules/ext/dom4j-1.6.jar</binary-origin>
            </class-path-extension>
            <class-path-extension>
                <runtime-relative-path>ext/ehcache-1.1.jar</runtime-relative-path>
                <binary-origin>release/modules/ext/ehcache-1.1.jar</binary-origin>
            </class-path-extension>
            <!-- end HIBERNATE -->
            <!-- MONDRIAN -->
            <class-path-extension>
                <runtime-relative-path>ext/javacup.jar</runtime-relative-path>
                <binary-origin>release/modules/ext/javacup.jar</binary-origin>
            </class-path-extension>
            <!-- <class-path-extension>
                <runtime-relative-path>ext/mondrian-2.3.2.8944.jar</runtime-relative-path>
                <binary-origin>release/modules/ext/mondrian-2.3.2.8944.jar</binary-origin>
            </class-path-extension> -->
            <class-path-extension>
                <runtime-relative-path>ext/mondrian-3.2.0-13661-JS.jar</runtime-relative-path>
                <binary-origin>release/modules/ext/mondrian-3.2.0-13661-JS.jar</binary-origin>
            </class-path-extension>
            <class-path-extension>
                <runtime-relative-path>ext/bcel-5.2.jar</runtime-relative-path>
                <binary-origin>release/modules/ext/bcel-5.2.jar</binary-origin>
            </class-path-extension>
            <class-path-extension>
                <runtime-relative-path>ext/barcode4j-2.0.jar</runtime-relative-path>
                <binary-origin>release/modules/ext/barcode4j-2.0.jar</binary-origin>
            </class-path-extension>
            <class-path-extension>
                <runtime-relative-path>ext/commons-pool-1.3.jar</runtime-relative-path>
                <binary-origin>release/modules/ext/commons-pool-1.3.jar</binary-origin>
            </class-path-extension>
            <class-path-extension>
                <runtime-relative-path>ext/commons-vfs-1.0.jar</runtime-relative-path>
                <binary-origin>release/modules/ext/commons-vfs-1.0.jar</binary-origin>
            </class-path-extension>
            <class-path-extension>
                <runtime-relative-path>ext/commons-dbcp-1.2.2.jar</runtime-relative-path>
                <binary-origin>release/modules/ext/commons-dbcp-1.2.2.jar</binary-origin>
            </class-path-extension>
            <class-path-extension>
                <runtime-relative-path>ext/olap4j-0.9.7.309-JS.jar</runtime-relative-path>
                <binary-origin>release/modules/ext/olap4j-0.9.7.309-JS.jar</binary-origin>
            </class-path-extension>
            <class-path-extension>
                <runtime-relative-path>ext/eigenbase-resgen-1.3.0.11873.jar</runtime-relative-path>
                <binary-origin>release/modules/ext/eigenbase-resgen-1.3.0.11873.jar</binary-origin>
            </class-path-extension>
            <class-path-extension>
                <runtime-relative-path>ext/eigenbase-xom-1.3.0.11999.jar</runtime-relative-path>
                <binary-origin>release/modules/ext/eigenbase-xom-1.3.0.11999.jar</binary-origin>
            </class-path-extension>
            <class-path-extension>
                <runtime-relative-path>ext/eigenbase-properties-1.1.0.10924.jar</runtime-relative-path>
                <binary-origin>release/modules/ext/eigenbase-properties-1.1.0.10924.jar</binary-origin>
            </class-path-extension>
            <class-path-extension>
                <runtime-relative-path>ext/commons-math-1.0.jar</runtime-relative-path>
                <binary-origin>release/modules/ext/commons-math-1.0.jar</binary-origin>
            </class-path-extension>
            <!-- end MONDRIAN -->
            <!-- Spring 
            <class-path-extension>
                <runtime-relative-path>ext/spring-hibernate3-2.0-m2.jar</runtime-relative-path>
                <binary-origin>release/modules/ext/spring-hibernate3-2.0-m2.jar</binary-origin>
            </class-path-extension>
            <class-path-extension>
                <runtime-relative-path>ext/spring-2.0-m2.jar</runtime-relative-path>
                <binary-origin>release/modules/ext/spring-2.0-m2.jar</binary-origin>
            </class-path-extension>
            <class-path-extension>
                <runtime-relative-path>ext/spring-context-2.0-m2.jar</runtime-relative-path>
                <binary-origin>release/modules/ext/spring-context-2.0-m2.jar</binary-origin>
            </class-path-extension>
            end Spring -->
            <!-- Spring 2.5 -->
            <class-path-extension>
                <runtime-relative-path>ext/spring.jar</runtime-relative-path>
                <binary-origin>release/modules/ext/spring.jar</binary-origin>
            </class-path-extension>
            <!-- end Spring -->
            <!-- REX -->
            <class-path-extension>
                <runtime-relative-path>ext/rex-20080421.jar</runtime-relative-path>
                <binary-origin>release/modules/ext/rex-20080421.jar</binary-origin>
            </class-path-extension>
            <!-- end REX -->
            <!-- sqleonardo-2007.03.jar -->
            <class-path-extension>
                <runtime-relative-path>ext/sqleonardo-2009.03.rc1.jar</runtime-relative-path>
                <binary-origin>release/modules/ext/sqleonardo-2009.03.rc1.jar</binary-origin>
            </class-path-extension>
            <!-- end sqleonardo-2007.03.jar -->
            <!-- swingx-2007_10_07.jar -->
            <class-path-extension>
                <runtime-relative-path>ext/swingx-2007_10_07.jar</runtime-relative-path>
                <binary-origin>release/modules/ext/swingx-2007_10_07.jar</binary-origin>
            </class-path-extension>
            <!-- end swingx-2007_10_07.jar -->
            <class-path-extension>
                <runtime-relative-path>ext/poi-ooxml-3.7-20101029.jar</runtime-relative-path>
                <binary-origin>release/modules/ext/poi-ooxml-3.7-20101029.jar</binary-origin>
            </class-path-extension>
            <class-path-extension>
                <runtime-relative-path>ext/poi-ooxml-schemas-3.7-20101029.jar</runtime-relative-path>
                <binary-origin>release/modules/ext/poi-ooxml-schemas-3.7-20101029.jar</binary-origin>
            </class-path-extension>
            <class-path-extension>
                <runtime-relative-path>ext/velocity-1.7-dep.jar</runtime-relative-path>
                <binary-origin>release/modules/ext/velocity-1.7-dep.jar</binary-origin>
            </class-path-extension>
            <class-path-extension>
                <runtime-relative-path>ext/xbean.jar</runtime-relative-path>
                <binary-origin>release/modules/ext/xbean.jar</binary-origin>
            </class-path-extension>
            <class-path-extension>
                <runtime-relative-path>ext/jackson-core-lgpl-1.7.4.jar</runtime-relative-path>
                <binary-origin>release/modules/ext/jackson-core-lgpl-1.7.4.jar</binary-origin>
            </class-path-extension>
            <class-path-extension>
                <runtime-relative-path>ext/jackson-mapper-lgpl-1.7.4.jar</runtime-relative-path>
                <binary-origin>release/modules/ext/jackson-mapper-lgpl-1.7.4.jar</binary-origin>
            </class-path-extension>
        </data>
    </configuration>
</project>
