<?xml version="1.0" encoding="UTF-8"?>
<project xmlns="http://www.netbeans.org/ns/project/1">
    <type>org.netbeans.modules.apisupport.project</type>
    <configuration>
        <data xmlns="http://www.netbeans.org/ns/nb-module-project/3">
            <code-name-base>com.jaspersoft.ireport.hadoop.hive</code-name-base>
            <suite-component/>
            <module-dependencies>
                <dependency>
                    <code-name-base>com.jaspersoft.ireport</code-name-base>
                    <build-prerequisite/>
                    <compile-dependency/>
                    <run-dependency>
                        <release-version>1</release-version>
                        <specification-version>1.0</specification-version>
                    </run-dependency>
                </dependency>
                <dependency>
                    <code-name-base>org.openide.modules</code-name-base>
                    <build-prerequisite/>
                    <compile-dependency/>
                    <run-dependency>
                        <specification-version>7.7.1</specification-version>
                    </run-dependency>
                </dependency>
                <dependency>
                    <code-name-base>org.openide.util</code-name-base>
                    <build-prerequisite/>
                    <compile-dependency/>
                    <run-dependency>
                        <specification-version>7.18.1.1</specification-version>
                    </run-dependency>
                </dependency>
            </module-dependencies>
            <public-packages/>
            <class-path-extension>
                <runtime-relative-path>ext/hadoop-core-1.0.1.jar</runtime-relative-path>
                <binary-origin>release/modules/ext/hadoop-core-1.0.1.jar</binary-origin>
            </class-path-extension>
            <class-path-extension>
                <runtime-relative-path>ext/hive-common-0.8.1.jar</runtime-relative-path>
                <binary-origin>release/modules/ext/hive-common-0.8.1.jar</binary-origin>
            </class-path-extension>
            <class-path-extension>
                <runtime-relative-path>ext/hive-exec-0.8.1.jar</runtime-relative-path>
                <binary-origin>release/modules/ext/hive-exec-0.8.1.jar</binary-origin>
            </class-path-extension>
            <class-path-extension>
                <runtime-relative-path>ext/hive-jdbc-0.8.1.jar</runtime-relative-path>
                <binary-origin>release/modules/ext/hive-jdbc-0.8.1.jar</binary-origin>
            </class-path-extension>
            <class-path-extension>
                <runtime-relative-path>ext/hive-metastore-0.8.1.jar</runtime-relative-path>
                <binary-origin>release/modules/ext/hive-metastore-0.8.1.jar</binary-origin>
            </class-path-extension>
            <class-path-extension>
                <runtime-relative-path>ext/hive-service-0.8.1.jar</runtime-relative-path>
                <binary-origin>release/modules/ext/hive-service-0.8.1.jar</binary-origin>
            </class-path-extension>
            <class-path-extension>
                <runtime-relative-path>ext/js-hive-datasource-1.2.jar</runtime-relative-path>
                <binary-origin>release/modules/ext/js-hive-datasource-1.2.jar</binary-origin>
            </class-path-extension>
            <class-path-extension>
                <runtime-relative-path>ext/libfb303-0.7.0.jar</runtime-relative-path>
                <binary-origin>release/modules/ext/libfb303-0.7.0.jar</binary-origin>
            </class-path-extension>
            <class-path-extension>
                <runtime-relative-path>ext/slf4j-api-1.5.8.jar</runtime-relative-path>
                <binary-origin>release/modules/ext/slf4j-api-1.5.8.jar</binary-origin>
            </class-path-extension>
            <class-path-extension>
                <runtime-relative-path>ext/slf4j-log4j12-1.5.8.jar</runtime-relative-path>
                <binary-origin>release/modules/ext/slf4j-log4j12-1.5.8.jar</binary-origin>
            </class-path-extension>
            <class-path-extension>
                <runtime-relative-path>ext/commons-pool-1.6.jar</runtime-relative-path>
                <binary-origin>release/modules/ext/commons-pool-1.6.jar</binary-origin>
            </class-path-extension>
        </data>
    </configuration>
</project>
